timeStamp,elapsed,label,responseCode,responseMessage,threadName,dataType,success,failureMessage,bytes,sentBytes,grpThreads,allThreads,URL,Latency,IdleTime,Connect
1694798024297,88,get_method,200,OK,Thread Group 1-1,text,true,,187,150,4,4,http://5.75.203.123:5005/get_method?name=Daria&age=27,87,0,43
1694798024342,70,get_method,200,OK,Thread Group 1-3,text,true,,187,150,6,6,http://5.75.203.123:5005/get_method?name=Daria&age=27,70,0,34
1694798024325,93,get_method,200,OK,Thread Group 1-2,text,true,,187,150,7,7,http://5.75.203.123:5005/get_method?name=Daria&age=27,92,0,44
1694798024358,70,get_method,200,OK,Thread Group 1-4,text,true,,187,150,7,7,http://5.75.203.123:5005/get_method?name=Daria&age=27,70,0,35
1694798024389,74,get_method,200,OK,Thread Group 1-5,text,true,,187,150,8,8,http://5.75.203.123:5005/get_method?name=Daria&age=27,74,0,36
1694798024387,91,user_info_2,200,OK,Thread Group 1-1,text,true,,486,800,9,9,http://5.75.203.123:5005/user_info_2,91,0,40
1694798024402,94,get_method,200,OK,Thread Group 1-6,text,true,,187,150,11,11,http://5.75.203.123:5005/get_method?name=Daria&age=27,94,0,45
1694798024412,88,user_info_2,200,OK,Thread Group 1-3,text,true,,486,805,11,11,http://5.75.203.123:5005/user_info_2,88,0,40
1694798024418,92,user_info_2,200,OK,Thread Group 1-2,text,true,,486,780,11,11,http://5.75.203.123:5005/user_info_2,92,0,45
1694798024418,93,get_method,200,OK,Thread Group 1-7,text,true,,187,150,11,11,http://5.75.203.123:5005/get_method?name=Daria&age=27,93,0,45
1694798024429,101,user_info_2,200,OK,Thread Group 1-4,text,true,,486,805,12,12,http://5.75.203.123:5005/user_info_2,100,0,45
1694798024465,70,get_method,200,OK,Thread Group 1-9,text,true,,187,150,12,12,http://5.75.203.123:5005/get_method?name=Daria&age=27,70,0,31
1694798024464,78,user_info_2,200,OK,Thread Group 1-5,text,true,,486,810,13,13,http://5.75.203.123:5005/user_info_2,78,0,34
1694798024478,64,user_info_3,200,OK,Thread Group 1-1,text,true,,382,815,13,13,http://5.75.203.123:5005/user_info_3,64,0,29
1694798024449,95,get_method,200,OK,Thread Group 1-8,text,true,,187,150,13,13,http://5.75.203.123:5005/get_method?name=Daria&age=27,95,0,44
1694798024480,72,get_method,200,OK,Thread Group 1-10,text,true,,187,150,13,13,http://5.75.203.123:5005/get_method?name=Daria&age=27,72,0,33
1694798024500,96,user_info_3,200,OK,Thread Group 1-3,text,true,,382,765,15,15,http://5.75.203.123:5005/user_info_3,96,0,43
1694798024495,112,get_method,200,OK,Thread Group 1-11,text,true,,187,150,16,16,http://5.75.203.123:5005/get_method?name=Daria&age=27,112,0,50
1694798024496,115,user_info_2,200,OK,Thread Group 1-6,text,true,,486,815,16,16,http://5.75.203.123:5005/user_info_2,115,0,49
1694798024535,76,user_info_2,200,OK,Thread Group 1-9,text,true,,486,770,16,16,http://5.75.203.123:5005/user_info_2,76,0,29
1694798024530,83,user_info_3,200,OK,Thread Group 1-4,text,true,,382,795,16,16,http://5.75.203.123:5005/user_info_3,83,0,34
1694798024527,94,get_method,200,OK,Thread Group 1-12,text,true,,187,150,17,17,http://5.75.203.123:5005/get_method?name=Daria&age=27,94,0,39
1694798024511,114,user_info_3,200,OK,Thread Group 1-2,text,true,,382,775,17,17,http://5.75.203.123:5005/user_info_3,114,0,50
1694798024511,114,user_info_2,200,OK,Thread Group 1-7,text,true,,486,815,17,17,http://5.75.203.123:5005/user_info_2,114,0,50
1694798024542,87,object_info_1,200,OK,Thread Group 1-1,text,true,,247,163,17,17,http://5.75.203.123:5005/object_info_1?name=Daria&age=27&weight=49,86,0,38
1694798024543,88,get_method,200,OK,Thread Group 1-13,text,true,,187,150,17,17,http://5.75.203.123:5005/get_method?name=Daria&age=27,88,0,38
1694798024542,94,user_info_3,200,OK,Thread Group 1-5,text,true,,382,765,18,18,http://5.75.203.123:5005/user_info_3,94,0,39
1694798024544,94,user_info_2,200,OK,Thread Group 1-8,text,true,,486,775,18,18,http://5.75.203.123:5005/user_info_2,94,0,38
1694798024558,105,get_method,200,OK,Thread Group 1-14,text,true,,187,150,18,18,http://5.75.203.123:5005/get_method?name=Daria&age=27,105,0,50
1694798024552,125,user_info_2,200,OK,Thread Group 1-10,text,true,,486,815,19,19,http://5.75.203.123:5005/user_info_2,125,0,44
1694798024589,92,get_method,200,OK,Thread Group 1-15,text,true,,187,150,19,19,http://5.75.203.123:5005/get_method?name=Daria&age=27,92,0,39
1694798024611,73,user_info_3,200,OK,Thread Group 1-6,text,true,,382,785,20,20,http://5.75.203.123:5005/user_info_3,73,0,32
1694798024613,73,object_info_1,200,OK,Thread Group 1-4,text,true,,247,163,20,20,http://5.75.203.123:5005/object_info_1?name=Daria&age=27&weight=49,73,0,30
1694798024611,85,user_info_3,200,OK,Thread Group 1-9,text,true,,382,765,20,20,http://5.75.203.123:5005/user_info_3,85,0,37
1694798024621,77,user_info_2,200,OK,Thread Group 1-12,text,true,,486,805,21,21,http://5.75.203.123:5005/user_info_2,77,0,34
1694798024620,78,get_method,200,OK,Thread Group 1-17,text,true,,187,150,21,21,http://5.75.203.123:5005/get_method?name=Daria&age=27,78,0,33
1694798024608,96,user_info_2,200,OK,Thread Group 1-11,text,true,,486,805,21,21,http://5.75.203.123:5005/user_info_2,96,0,45
1694798024605,99,get_method,200,OK,Thread Group 1-16,text,true,,187,150,21,21,http://5.75.203.123:5005/get_method?name=Daria&age=27,99,0,48
1694798024596,115,object_info_1,200,OK,Thread Group 1-3,text,true,,247,163,21,21,http://5.75.203.123:5005/object_info_1?name=Daria&age=27&weight=49,115,0,63
1694798024636,79,object_info_1,200,OK,Thread Group 1-5,text,true,,247,163,21,21,http://5.75.203.123:5005/object_info_1?name=Daria&age=27&weight=49,78,0,43
1694798024625,108,user_info_3,200,OK,Thread Group 1-7,text,true,,382,765,22,22,http://5.75.203.123:5005/user_info_3,108,0,52
1694798024629,107,object_info_2,200,OK,Thread Group 1-1,text,true,,486,165,22,22,http://5.75.203.123:5005/object_info_2?name=Daria&age=27&salary=1500,107,0,49
1694798024625,116,object_info_1,200,OK,Thread Group 1-2,text,true,,247,163,22,22,http://5.75.203.123:5005/object_info_1?name=Daria&age=27&weight=49,116,0,53
1694798024638,103,user_info_3,200,OK,Thread Group 1-8,text,true,,382,790,22,22,http://5.75.203.123:5005/user_info_3,103,0,43
1694798024631,114,user_info_2,200,OK,Thread Group 1-13,text,true,,486,805,23,23,http://5.75.203.123:5005/user_info_2,114,0,50
1694798024663,84,user_info_2,200,OK,Thread Group 1-14,text,true,,486,770,23,23,http://5.75.203.123:5005/user_info_2,84,0,33
1694798024635,114,get_method,200,OK,Thread Group 1-18,text,true,,187,150,23,23,http://5.75.203.123:5005/get_method?name=Daria&age=27,114,0,47
1694798024667,82,get_method,200,OK,Thread Group 1-19,text,true,,187,150,23,23,http://5.75.203.123:5005/get_method?name=Daria&age=27,82,0,35
1694798024681,72,user_info_2,200,OK,Thread Group 1-15,text,true,,486,780,23,23,http://5.75.203.123:5005/user_info_2,72,0,30
1694798024684,72,object_info_1,200,OK,Thread Group 1-6,text,true,,247,163,23,23,http://5.75.203.123:5005/object_info_1?name=Daria&age=27&weight=49,72,0,28
1694798024677,80,user_info_3,200,OK,Thread Group 1-10,text,true,,382,800,23,23,http://5.75.203.123:5005/user_info_3,80,0,34
1694798024682,76,get_method,200,OK,Thread Group 1-20,text,true,,187,150,23,23,http://5.75.203.123:5005/get_method?name=Daria&age=27,76,0,34
1694798024686,103,object_info_2,200,OK,Thread Group 1-4,text,true,,486,165,25,25,http://5.75.203.123:5005/object_info_2?name=Daria&age=27&salary=1500,103,0,43
1694798024715,76,object_info_2,200,OK,Thread Group 1-5,text,true,,486,165,25,25,http://5.75.203.123:5005/object_info_2?name=Daria&age=27&salary=1500,75,0,30
1694798024704,88,user_info_2,200,OK,Thread Group 1-16,text,true,,486,770,25,25,http://5.75.203.123:5005/user_info_2,88,0,33
1694798024698,100,user_info_2,200,OK,Thread Group 1-17,text,true,,486,780,25,25,http://5.75.203.123:5005/user_info_2,100,0,39
1694798024711,88,object_info_2,200,OK,Thread Group 1-3,text,true,,486,165,25,25,http://5.75.203.123:5005/object_info_2?name=Daria&age=27&salary=1500,88,0,35
1694798024698,102,get_method,200,OK,Thread Group 1-21,text,true,,187,150,25,25,http://5.75.203.123:5005/get_method?name=Daria&age=27,102,0,39
1694798024704,99,user_info_3,200,OK,Thread Group 1-11,text,true,,382,815,25,25,http://5.75.203.123:5005/user_info_3,99,0,39
1694798024696,107,object_info_1,200,OK,Thread Group 1-9,text,true,,247,163,25,25,http://5.75.203.123:5005/object_info_1?name=Daria&age=27&weight=49,107,0,45
1694798024698,106,user_info_3,200,OK,Thread Group 1-12,text,true,,382,770,25,25,http://5.75.203.123:5005/user_info_3,105,0,39
1694798024729,76,get_method,200,OK,Thread Group 1-22,text,true,,187,150,25,25,http://5.75.203.123:5005/get_method?name=Daria&age=27,76,0,36
1694798024747,77,user_info_3,200,OK,Thread Group 1-14,text,true,,382,770,27,27,http://5.75.203.123:5005/user_info_3,77,0,42
1694798024745,89,get_method,200,OK,Thread Group 1-23,text,true,,187,150,27,27,http://5.75.203.123:5005/get_method?name=Daria&age=27,89,0,46
1694798024749,85,user_info_2,200,OK,Thread Group 1-18,text,true,,486,790,27,27,http://5.75.203.123:5005/user_info_2,85,0,43
1694798024733,104,object_info_1,200,OK,Thread Group 1-7,text,true,,247,163,27,27,http://5.75.203.123:5005/object_info_1?name=Daria&age=27&weight=49,104,0,56
1694798024745,95,user_info_3,200,OK,Thread Group 1-13,text,true,,382,815,28,28,http://5.75.203.123:5005/user_info_3,95,0,53
1694798024760,87,get_method,200,OK,Thread Group 1-24,text,true,,187,150,28,28,http://5.75.203.123:5005/get_method?name=Daria&age=27,87,0,43
1694798024758,92,user_info_2,200,OK,Thread Group 1-20,text,true,,486,815,28,28,http://5.75.203.123:5005/user_info_2,92,0,45
1694798024736,120,object_info_3,200,OK,Thread Group 1-1,text,true,,533,165,29,29,http://5.75.203.123:5005/object_info_3?name=Daria&age=27&salary=1500,120,0,62
1694798024741,116,object_info_2,200,OK,Thread Group 1-2,text,true,,486,165,29,29,http://5.75.203.123:5005/object_info_2?name=Daria&age=27&salary=1500,116,0,59
1694798024749,116,user_info_2,200,OK,Thread Group 1-19,text,true,,486,775,29,29,http://5.75.203.123:5005/user_info_2,116,0,52
1694798024741,124,object_info_1,200,OK,Thread Group 1-8,text,true,,247,163,29,29,http://5.75.203.123:5005/object_info_1?name=Daria&age=27&weight=49,124,0,59
1694798024776,95,get_method,200,OK,Thread Group 1-25,text,true,,187,150,29,29,http://5.75.203.123:5005/get_method?name=Daria&age=27,95,0,43
1694798024756,115,object_info_2,200,OK,Thread Group 1-6,text,true,,486,165,29,29,http://5.75.203.123:5005/object_info_2?name=Daria&age=27&salary=1500,115,0,49
1694798024753,125,user_info_3,200,OK,Thread Group 1-15,text,true,,382,800,29,29,http://5.75.203.123:5005/user_info_3,125,0,51
1694798024757,121,object_info_1,200,OK,Thread Group 1-10,text,true,,247,163,29,29,http://5.75.203.123:5005/object_info_1?name=Daria&age=27&weight=49,121,0,49
1694798024792,87,user_info_3,200,OK,Thread Group 1-16,text,true,,382,770,29,29,http://5.75.203.123:5005/user_info_3,87,0,34
1694798024791,88,object_info_3,200,OK,Thread Group 1-5,text,true,,533,165,29,29,http://5.75.203.123:5005/object_info_3?name=Daria&age=27&salary=1500,88,0,33
1694798024790,90,object_info_3,200,OK,Thread Group 1-4,text,true,,533,165,29,29,http://5.75.203.123:5005/object_info_3?name=Daria&age=27&salary=1500,90,0,38
1694798024798,94,user_info_3,200,OK,Thread Group 1-17,text,true,,382,790,30,30,http://5.75.203.123:5005/user_info_3,94,0,44
1694798024799,93,object_info_3,200,OK,Thread Group 1-3,text,true,,533,165,30,30,http://5.75.203.123:5005/object_info_3?name=Daria&age=27&salary=1500,93,0,44
1694798024805,87,user_info_2,200,OK,Thread Group 1-22,text,true,,486,765,30,30,http://5.75.203.123:5005/user_info_2,87,0,40
1694798024824,73,object_info_1,200,OK,Thread Group 1-14,text,true,,247,163,30,30,http://5.75.203.123:5005/object_info_1?name=Daria&age=27&weight=49,73,0,34
1694798024807,94,get_method,200,OK,Thread Group 1-26,text,true,,187,150,31,31,http://5.75.203.123:5005/get_method?name=Daria&age=27,93,0,43
1694798024804,99,object_info_2,200,OK,Thread Group 1-9,text,true,,486,165,31,31,http://5.75.203.123:5005/object_info_2?name=Daria&age=27&salary=1500,99,0,42
1694798024800,116,user_info_2,200,OK,Thread Group 1-21,text,true,,486,795,32,32,http://5.75.203.123:5005/user_info_2,116,0,47
1694798024804,113,object_info_1,200,OK,Thread Group 1-12,text,true,,247,163,32,32,http://5.75.203.123:5005/object_info_1?name=Daria&age=27&weight=49,113,0,50
1694798024803,114,object_info_1,200,OK,Thread Group 1-11,text,true,,247,163,32,32,http://5.75.203.123:5005/object_info_1?name=Daria&age=27&weight=49,114,0,49
1694798024857,66,object_info_3,200,OK,Thread Group 1-2,text,true,,533,165,32,32,http://5.75.203.123:5005/object_info_3?name=Daria&age=27&salary=1500,66,0,28
1694798024856,67,object_info_4,200,OK,Thread Group 1-1,text,true,,252,165,32,32,http://5.75.203.123:5005/object_info_4?name=Daria&age=27&salary=1500,67,0,29
1694798024823,107,get_method,200,OK,Thread Group 1-27,text,true,,187,150,31,31,http://5.75.203.123:5005/get_method?name=Daria&age=27,107,0,42
1694798024837,102,object_info_2,200,OK,Thread Group 1-7,text,true,,486,165,31,31,http://5.75.203.123:5005/object_info_2?name=Daria&age=27&salary=1500,102,0,43
1694798024834,107,user_info_2,200,OK,Thread Group 1-23,text,true,,486,780,31,31,http://5.75.203.123:5005/user_info_2,107,0,46
1694798024834,117,user_info_3,200,OK,Thread Group 1-18,text,true,,382,795,32,32,http://5.75.203.123:5005/user_info_3,117,0,46
1694798024838,126,get_method,200,OK,Thread Group 1-28,text,true,,187,150,33,33,http://5.75.203.123:5005/get_method?name=Daria&age=27,126,0,50
1694798024841,124,object_info_1,200,OK,Thread Group 1-13,text,true,,247,163,33,33,http://5.75.203.123:5005/object_info_1?name=Daria&age=27&weight=49,124,0,48
1694798024847,123,user_info_2,200,OK,Thread Group 1-24,text,true,,486,795,33,33,http://5.75.203.123:5005/user_info_2,123,0,43
1694798024850,127,user_info_3,200,OK,Thread Group 1-20,text,true,,382,795,33,33,http://5.75.203.123:5005/user_info_3,127,0,43
1694798024854,128,get_method,200,OK,Thread Group 1-29,text,true,,187,150,34,34,http://5.75.203.123:5005/get_method?name=Daria&age=27,128,0,46
1694798024879,103,object_info_1,200,OK,Thread Group 1-16,text,true,,247,163,34,34,http://5.75.203.123:5005/object_info_1?name=Daria&age=27&weight=49,103,0,38
1694798024886,97,get_method,200,OK,Thread Group 1-30,text,true,,187,150,34,34,http://5.75.203.123:5005/get_method?name=Daria&age=27,97,0,32
1694798024892,93,object_info_1,200,OK,Thread Group 1-17,text,true,,247,163,34,34,http://5.75.203.123:5005/object_info_1?name=Daria&age=27&weight=49,93,0,29
1694798024892,97,object_info_4,200,OK,Thread Group 1-3,text,true,,252,165,34,34,http://5.75.203.123:5005/object_info_4?name=Daria&age=27&salary=1500,97,0,29
1694798024880,109,object_info_4,200,OK,Thread Group 1-4,text,true,,252,165,34,34,http://5.75.203.123:5005/object_info_4?name=Daria&age=27&salary=1500,109,0,40
1694798024865,124,object_info_2,200,OK,Thread Group 1-8,text,true,,486,165,33,33,http://5.75.203.123:5005/object_info_2?name=Daria&age=27&salary=1500,124,0,54
1694798024879,110,object_info_4,200,OK,Thread Group 1-5,text,true,,252,165,33,33,http://5.75.203.123:5005/object_info_4?name=Daria&age=27&salary=1500,110,0,41
1694798024878,113,object_info_2,200,OK,Thread Group 1-10,text,true,,486,165,31,31,http://5.75.203.123:5005/object_info_2?name=Daria&age=27&salary=1500,113,0,52
1694798024871,121,user_info_2,200,OK,Thread Group 1-25,text,true,,486,810,31,31,http://5.75.203.123:5005/user_info_2,121,0,59
1694798024865,129,user_info_3,200,OK,Thread Group 1-19,text,true,,382,810,31,31,http://5.75.203.123:5005/user_info_3,129,0,59
1694798024878,116,object_info_1,200,OK,Thread Group 1-15,text,true,,247,163,31,31,http://5.75.203.123:5005/object_info_1?name=Daria&age=27&weight=49,116,0,52
1694798024901,97,user_info_2,200,OK,Thread Group 1-26,text,true,,486,800,31,31,http://5.75.203.123:5005/user_info_2,97,0,38
1694798024901,102,get_method,200,OK,Thread Group 1-31,text,true,,187,150,31,31,http://5.75.203.123:5005/get_method?name=Daria&age=27,101,0,39
1694798024871,132,object_info_3,200,OK,Thread Group 1-6,text,true,,533,165,31,31,http://5.75.203.123:5005/object_info_3?name=Daria&age=27&salary=1500,132,0,64
1694798024917,89,get_method,200,OK,Thread Group 1-32,text,true,,187,150,31,31,http://5.75.203.123:5005/get_method?name=Daria&age=27,89,0,34
1694798024903,104,object_info_3,200,OK,Thread Group 1-9,text,true,,533,165,31,31,http://5.75.203.123:5005/object_info_3?name=Daria&age=27&salary=1500,104,0,38
1694798024893,118,user_info_3,200,OK,Thread Group 1-22,text,true,,382,795,32,32,http://5.75.203.123:5005/user_info_3,118,0,44
1694798024897,114,object_info_2,200,OK,Thread Group 1-14,text,true,,486,165,32,32,http://5.75.203.123:5005/object_info_2?name=Daria&age=27&salary=1500,114,0,44
1694798024923,97,object_info_4,200,OK,Thread Group 1-2,text,true,,252,165,32,32,http://5.75.203.123:5005/object_info_4?name=Daria&age=27&salary=1500,97,0,34
1694798024916,117,user_info_3,200,OK,Thread Group 1-21,text,true,,382,765,32,32,http://5.75.203.123:5005/user_info_3,117,0,40
1694798024930,106,user_info_2,200,OK,Thread Group 1-27,text,true,,486,805,32,32,http://5.75.203.123:5005/user_info_2,106,0,36
1694798024917,119,object_info_2,200,OK,Thread Group 1-12,text,true,,486,165,32,32,http://5.75.203.123:5005/object_info_2?name=Daria&age=27&salary=1500,119,0,45
1694798024917,122,object_info_2,200,OK,Thread Group 1-11,text,true,,486,165,32,32,http://5.75.203.123:5005/object_info_2?name=Daria&age=27&salary=1500,122,0,45
1694798024939,100,object_info_3,200,OK,Thread Group 1-7,text,true,,533,165,32,32,http://5.75.203.123:5005/object_info_3?name=Daria&age=27&salary=1500,100,0,31
1694798024941,102,user_info_3,200,OK,Thread Group 1-23,text,true,,382,790,33,33,http://5.75.203.123:5005/user_info_3,102,0,45
1694798024951,94,object_info_1,200,OK,Thread Group 1-18,text,true,,247,163,33,33,http://5.75.203.123:5005/object_info_1?name=Daria&age=27&weight=49,94,0,39
1694798024970,84,user_info_3,200,OK,Thread Group 1-24,text,true,,382,815,33,33,http://5.75.203.123:5005/user_info_3,84,0,33
1694798024962,92,get_method,200,OK,Thread Group 1-34,text,true,,187,150,33,33,http://5.75.203.123:5005/get_method?name=Daria&age=27,92,0,41
1694798024947,109,get_method,200,OK,Thread Group 1-33,text,true,,187,150,34,34,http://5.75.203.123:5005/get_method?name=Daria&age=27,109,0,47
1694798024977,82,object_info_1,200,OK,Thread Group 1-20,text,true,,247,163,34,34,http://5.75.203.123:5005/object_info_1?name=Daria&age=27&weight=49,81,0,36
1694798024978,88,get_method,200,OK,Thread Group 1-35,text,true,,187,150,34,34,http://5.75.203.123:5005/get_method?name=Daria&age=27,88,0,35
1694798024994,72,object_info_1,200,OK,Thread Group 1-19,text,true,,247,163,34,34,http://5.75.203.123:5005/object_info_1?name=Daria&age=27&weight=49,72,0,29
1694798024965,102,user_info_2,200,OK,Thread Group 1-28,text,true,,486,790,34,34,http://5.75.203.123:5005/user_info_2,102,0,43
1694798024965,103,object_info_2,200,OK,Thread Group 1-13,text,true,,486,165,34,34,http://5.75.203.123:5005/object_info_2?name=Daria&age=27&salary=1500,103,0,43
1694798024999,81,user_info_3,200,OK,Thread Group 1-26,text,true,,382,775,34,34,http://5.75.203.123:5005/user_info_3,81,0,31
1694798024982,98,user_info_2,200,OK,Thread Group 1-29,text,true,,486,795,34,34,http://5.75.203.123:5005/user_info_2,98,0,40
1694798024994,86,object_info_2,200,OK,Thread Group 1-15,text,true,,486,165,34,34,http://5.75.203.123:5005/object_info_2?name=Daria&age=27&salary=1500,86,0,34
1694798024983,100,object_info_2,200,OK,Thread Group 1-16,text,true,,486,165,34,34,http://5.75.203.123:5005/object_info_2?name=Daria&age=27&salary=1500,100,0,40
1694798024985,98,object_info_2,200,OK,Thread Group 1-17,text,true,,486,165,34,34,http://5.75.203.123:5005/object_info_2?name=Daria&age=27&salary=1500,98,0,39
1694798024989,100,object_info_3,200,OK,Thread Group 1-8,text,true,,533,165,35,35,http://5.75.203.123:5005/object_info_3?name=Daria&age=27&salary=1500,100,0,40
1694798024992,100,user_info_3,200,OK,Thread Group 1-25,text,true,,382,785,35,35,http://5.75.203.123:5005/user_info_3,100,0,38
1694798025003,89,user_info_2,200,OK,Thread Group 1-31,text,true,,486,795,35,35,http://5.75.203.123:5005/user_info_2,89,0,33
1694798024983,111,user_info_2,200,OK,Thread Group 1-30,text,true,,486,785,35,35,http://5.75.203.123:5005/user_info_2,110,0,46
1694798025011,83,object_info_1,200,OK,Thread Group 1-22,text,true,,247,163,35,35,http://5.75.203.123:5005/object_info_1?name=Daria&age=27&weight=49,83,0,41
1694798024991,106,object_info_3,200,OK,Thread Group 1-10,text,true,,533,165,35,35,http://5.75.203.123:5005/object_info_3?name=Daria&age=27&salary=1500,106,0,48
1694798025008,92,object_info_4,200,OK,Thread Group 1-9,text,true,,252,165,35,35,http://5.75.203.123:5005/object_info_4?name=Daria&age=27&salary=1500,92,0,44
1694798025036,73,user_info_3,200,OK,Thread Group 1-27,text,true,,382,770,35,35,http://5.75.203.123:5005/user_info_3,73,0,30
1694798025003,117,object_info_4,200,OK,Thread Group 1-6,text,true,,252,165,36,36,http://5.75.203.123:5005/object_info_4?name=Daria&age=27&salary=1500,117,0,48
1694798025009,111,get_method,200,OK,Thread Group 1-36,text,true,,187,150,36,36,http://5.75.203.123:5005/get_method?name=Daria&age=27,111,0,47
1694798025011,111,object_info_3,200,OK,Thread Group 1-14,text,true,,533,165,35,35,http://5.75.203.123:5005/object_info_3?name=Daria&age=27&salary=1500,111,0,46
1694798025006,116,user_info_2,200,OK,Thread Group 1-32,text,true,,486,805,35,35,http://5.75.203.123:5005/user_info_2,116,0,49
1694798025025,97,get_method,200,OK,Thread Group 1-37,text,true,,187,150,35,35,http://5.75.203.123:5005/get_method?name=Daria&age=27,97,0,42
1694798025036,90,object_info_3,200,OK,Thread Group 1-12,text,true,,533,165,35,35,http://5.75.203.123:5005/object_info_3?name=Daria&age=27&salary=1500,90,0,34
1694798025043,90,object_info_1,200,OK,Thread Group 1-23,text,true,,247,163,35,35,http://5.75.203.123:5005/object_info_1?name=Daria&age=27&weight=49,90,0,41
1694798025045,98,object_info_2,200,OK,Thread Group 1-18,text,true,,486,165,36,36,http://5.75.203.123:5005/object_info_2?name=Daria&age=27&salary=1500,98,0,40
1694798025039,106,object_info_3,200,OK,Thread Group 1-11,text,true,,533,165,36,36,http://5.75.203.123:5005/object_info_3?name=Daria&age=27&salary=1500,106,0,45
1694798025039,107,object_info_4,200,OK,Thread Group 1-7,text,true,,252,165,36,36,http://5.75.203.123:5005/object_info_4?name=Daria&age=27&salary=1500,107,0,46
1694798025040,109,get_method,200,OK,Thread Group 1-38,text,true,,187,150,35,35,http://5.75.203.123:5005/get_method?name=Daria&age=27,109,0,45
1694798025054,97,user_info_2,200,OK,Thread Group 1-34,text,true,,486,790,35,35,http://5.75.203.123:5005/user_info_2,97,0,39
1694798025057,94,get_method,200,OK,Thread Group 1-39,text,true,,187,150,35,35,http://5.75.203.123:5005/get_method?name=Daria&age=27,94,0,40
1694798025033,119,object_info_1,200,OK,Thread Group 1-21,text,true,,247,163,35,35,http://5.75.203.123:5005/object_info_1?name=Daria&age=27&weight=49,119,0,51
1694798025081,73,object_info_3,200,OK,Thread Group 1-15,text,true,,533,165,35,35,http://5.75.203.123:5005/object_info_3?name=Daria&age=27&salary=1500,73,0,42
1694798025081,76,object_info_3,200,OK,Thread Group 1-13,text,true,,533,165,35,35,http://5.75.203.123:5005/object_info_3?name=Daria&age=27&salary=1500,76,0,42
1694798025054,114,object_info_1,200,OK,Thread Group 1-24,text,true,,247,163,36,36,http://5.75.203.123:5005/object_info_1?name=Daria&age=27&weight=49,114,0,46
1694798025081,89,object_info_1,200,OK,Thread Group 1-26,text,true,,247,163,36,36,http://5.75.203.123:5005/object_info_1?name=Daria&age=27&weight=49,89,0,43
1694798025089,92,object_info_4,200,OK,Thread Group 1-8,text,true,,252,165,36,36,http://5.75.203.123:5005/object_info_4?name=Daria&age=27&salary=1500,92,0,36
1694798025081,106,user_info_3,200,OK,Thread Group 1-29,text,true,,382,775,36,36,http://5.75.203.123:5005/user_info_3,106,0,43
1694798025094,93,user_info_3,200,OK,Thread Group 1-30,text,true,,382,795,36,36,http://5.75.203.123:5005/user_info_3,93,0,38
1694798025097,90,object_info_4,200,OK,Thread Group 1-10,text,true,,252,165,36,36,http://5.75.203.123:5005/object_info_4?name=Daria&age=27&salary=1500,90,0,35
1694798025083,107,object_info_3,200,OK,Thread Group 1-17,text,true,,533,165,35,35,http://5.75.203.123:5005/object_info_3?name=Daria&age=27&salary=1500,107,0,41
1694798025088,104,get_method,200,OK,Thread Group 1-40,text,true,,187,150,35,35,http://5.75.203.123:5005/get_method?name=Daria&age=27,103,0,37
1694798025092,108,object_info_1,200,OK,Thread Group 1-25,text,true,,247,163,36,36,http://5.75.203.123:5005/object_info_1?name=Daria&age=27&weight=49,108,0,34
1694798025082,119,object_info_2,200,OK,Thread Group 1-19,text,true,,486,165,36,36,http://5.75.203.123:5005/object_info_2?name=Daria&age=27&salary=1500,119,0,47
1694798025082,121,object_info_2,200,OK,Thread Group 1-20,text,true,,486,165,36,36,http://5.75.203.123:5005/object_info_2?name=Daria&age=27&salary=1500,121,0,49
1694798025092,128,user_info_3,200,OK,Thread Group 1-31,text,true,,382,770,36,36,http://5.75.203.123:5005/user_info_3,127,0,41
1694798025082,145,user_info_2,200,OK,Thread Group 1-35,text,true,,486,810,36,36,http://5.75.203.123:5005/user_info_2,145,0,49
1694798025094,135,object_info_2,200,OK,Thread Group 1-22,text,true,,486,165,36,36,http://5.75.203.123:5005/object_info_2?name=Daria&age=27&salary=1500,135,0,42
1694798025082,147,user_info_2,200,OK,Thread Group 1-33,text,true,,486,810,36,36,http://5.75.203.123:5005/user_info_2,147,0,51
1694798025083,147,object_info_3,200,OK,Thread Group 1-16,text,true,,533,165,37,37,http://5.75.203.123:5005/object_info_3?name=Daria&age=27&salary=1500,147,0,51
1694798025123,113,user_info_2,200,OK,Thread Group 1-37,text,true,,486,815,37,37,http://5.75.203.123:5005/user_info_2,113,0,29
1694798025081,155,user_info_3,200,OK,Thread Group 1-28,text,true,,382,785,37,37,http://5.75.203.123:5005/user_info_3,155,0,53
1694798025109,127,object_info_1,200,OK,Thread Group 1-27,text,true,,247,163,37,37,http://5.75.203.123:5005/object_info_1?name=Daria&age=27&weight=49,127,0,47
1694798025126,111,object_info_4,200,OK,Thread Group 1-12,text,true,,252,165,37,37,http://5.75.203.123:5005/object_info_4?name=Daria&age=27&salary=1500,111,0,41
1694798025120,120,user_info_2,200,OK,Thread Group 1-36,text,true,,486,785,36,36,http://5.75.203.123:5005/user_info_2,120,0,47
1694798025133,108,object_info_2,200,OK,Thread Group 1-23,text,true,,486,165,36,36,http://5.75.203.123:5005/object_info_2?name=Daria&age=27&salary=1500,108,0,36
1694798025104,139,get_method,200,OK,Thread Group 1-41,text,true,,187,150,36,36,http://5.75.203.123:5005/get_method?name=Daria&age=27,139,0,60
1694798025136,107,get_method,200,OK,Thread Group 1-43,text,true,,187,150,36,36,http://5.75.203.123:5005/get_method?name=Daria&age=27,107,0,44
1694798025120,125,get_method,200,OK,Thread Group 1-42,text,true,,187,150,36,36,http://5.75.203.123:5005/get_method?name=Daria&age=27,125,0,50
1694798025122,124,object_info_4,200,OK,Thread Group 1-14,text,true,,252,165,36,36,http://5.75.203.123:5005/object_info_4?name=Daria&age=27&salary=1500,124,0,56
1694798025122,125,user_info_3,200,OK,Thread Group 1-32,text,true,,382,770,35,35,http://5.75.203.123:5005/user_info_3,125,0,57
1694798025151,115,user_info_3,200,OK,Thread Group 1-34,text,true,,382,765,36,36,http://5.75.203.123:5005/user_info_3,115,0,39
1694798025154,114,object_info_4,200,OK,Thread Group 1-15,text,true,,252,165,36,36,http://5.75.203.123:5005/object_info_4?name=Daria&age=27&salary=1500,114,0,46
1694798025152,119,object_info_2,200,OK,Thread Group 1-21,text,true,,486,165,35,35,http://5.75.203.123:5005/object_info_2?name=Daria&age=27&salary=1500,119,0,49
1694798025158,114,object_info_4,200,OK,Thread Group 1-13,text,true,,252,165,35,35,http://5.75.203.123:5005/object_info_4?name=Daria&age=27&salary=1500,114,0,61
1694798025143,138,object_info_3,200,OK,Thread Group 1-18,text,true,,533,165,35,35,http://5.75.203.123:5005/object_info_3?name=Daria&age=27&salary=1500,138,0,54
1694798025149,137,user_info_2,200,OK,Thread Group 1-38,text,true,,486,800,35,35,http://5.75.203.123:5005/user_info_2,137,0,52
1694798025151,137,user_info_2,200,OK,Thread Group 1-39,text,true,,486,780,35,35,http://5.75.203.123:5005/user_info_2,137,0,51
1694798025167,125,get_method,200,OK,Thread Group 1-44,text,true,,187,150,36,36,http://5.75.203.123:5005/get_method?name=Daria&age=27,125,0,61
1694798025171,121,object_info_2,200,OK,Thread Group 1-26,text,true,,486,165,36,36,http://5.75.203.123:5005/object_info_2?name=Daria&age=27&salary=1500,121,0,60
1694798025145,147,object_info_4,200,OK,Thread Group 1-11,text,true,,252,165,36,36,http://5.75.203.123:5005/object_info_4?name=Daria&age=27&salary=1500,147,0,57
1694798025183,111,get_method,200,OK,Thread Group 1-45,text,true,,187,150,35,35,http://5.75.203.123:5005/get_method?name=Daria&age=27,111,0,60
1694798025187,107,object_info_1,200,OK,Thread Group 1-29,text,true,,247,163,35,35,http://5.75.203.123:5005/object_info_1?name=Daria&age=27&weight=49,107,0,58
1694798025187,109,object_info_1,200,OK,Thread Group 1-30,text,true,,247,163,35,35,http://5.75.203.123:5005/object_info_1?name=Daria&age=27&weight=49,109,0,58
1694798025168,131,object_info_2,200,OK,Thread Group 1-24,text,true,,486,165,35,35,http://5.75.203.123:5005/object_info_2?name=Daria&age=27&salary=1500,131,0,66
1694798025198,104,get_method,200,OK,Thread Group 1-46,text,true,,187,150,35,35,http://5.75.203.123:5005/get_method?name=Daria&age=27,104,0,68
1694798025191,111,object_info_4,200,OK,Thread Group 1-17,text,true,,252,165,35,35,http://5.75.203.123:5005/object_info_4?name=Daria&age=27&salary=1500,111,0,74
1694798025201,105,object_info_2,200,OK,Thread Group 1-25,text,true,,486,165,34,34,http://5.75.203.123:5005/object_info_2?name=Daria&age=27&salary=1500,104,0,65
1694798025236,71,user_info_3,200,OK,Thread Group 1-37,text,true,,382,795,34,34,http://5.75.203.123:5005/user_info_3,71,0,32
1694798025236,73,object_info_1,200,OK,Thread Group 1-28,text,true,,247,163,34,34,http://5.75.203.123:5005/object_info_1?name=Daria&age=27&weight=49,73,0,32
1694798025192,163,user_info_2,200,OK,Thread Group 1-40,text,true,,486,795,34,34,http://5.75.203.123:5005/user_info_2,163,0,76
1694798025220,147,object_info_1,200,OK,Thread Group 1-31,text,true,,247,163,34,34,http://5.75.203.123:5005/object_info_1?name=Daria&age=27&weight=49,146,0,59
1694798025229,143,object_info_3,200,OK,Thread Group 1-22,text,true,,533,165,34,34,http://5.75.203.123:5005/object_info_3?name=Daria&age=27&salary=1500,143,0,51
1694798025227,146,user_info_3,200,OK,Thread Group 1-35,text,true,,382,775,34,34,http://5.75.203.123:5005/user_info_3,145,0,53
1694798025236,143,object_info_2,200,OK,Thread Group 1-27,text,true,,486,165,34,34,http://5.75.203.123:5005/object_info_2?name=Daria&age=27&salary=1500,143,0,45
1694798025241,140,user_info_3,200,OK,Thread Group 1-36,text,true,,382,775,34,34,http://5.75.203.123:5005/user_info_3,139,0,41
1694798025241,141,object_info_3,200,OK,Thread Group 1-23,text,true,,533,165,34,34,http://5.75.203.123:5005/object_info_3?name=Daria&age=27&salary=1500,141,0,42
1694798025243,140,user_info_2,200,OK,Thread Group 1-41,text,true,,486,785,34,34,http://5.75.203.123:5005/user_info_2,140,0,43
1694798025229,155,user_info_3,200,OK,Thread Group 1-33,text,true,,382,815,34,34,http://5.75.203.123:5005/user_info_3,155,0,54
1694798025245,139,user_info_2,200,OK,Thread Group 1-42,text,true,,486,765,34,34,http://5.75.203.123:5005/user_info_2,139,0,42
1694798025247,137,object_info_1,200,OK,Thread Group 1-32,text,true,,247,163,34,34,http://5.75.203.123:5005/object_info_1?name=Daria&age=27&weight=49,137,0,40
1694798025271,114,object_info_3,200,OK,Thread Group 1-21,text,true,,533,165,34,34,http://5.75.203.123:5005/object_info_3?name=Daria&age=27&salary=1500,114,0,31
1694798025243,142,user_info_2,200,OK,Thread Group 1-43,text,true,,486,785,34,34,http://5.75.203.123:5005/user_info_2,142,0,46
1694798025203,182,object_info_3,200,OK,Thread Group 1-20,text,true,,533,165,34,34,http://5.75.203.123:5005/object_info_3?name=Daria&age=27&salary=1500,182,0,79
1694798025202,184,object_info_3,200,OK,Thread Group 1-19,text,true,,533,165,34,34,http://5.75.203.123:5005/object_info_3?name=Daria&age=27&salary=1500,184,0,80
1694798025266,123,object_info_1,200,OK,Thread Group 1-34,text,true,,247,163,34,34,http://5.75.203.123:5005/object_info_1?name=Daria&age=27&weight=49,123,0,36
1694798025263,127,get_method,200,OK,Thread Group 1-48,text,true,,187,150,34,34,http://5.75.203.123:5005/get_method?name=Daria&age=27,126,0,41
1694798025230,159,object_info_4,200,OK,Thread Group 1-16,text,true,,252,165,34,34,http://5.75.203.123:5005/object_info_4?name=Daria&age=27&salary=1500,159,0,52
1694798025231,159,get_method,200,OK,Thread Group 1-47,text,true,,187,150,33,33,http://5.75.203.123:5005/get_method?name=Daria&age=27,159,0,56
1694798025294,98,user_info_2,200,OK,Thread Group 1-45,text,true,,486,800,33,33,http://5.75.203.123:5005/user_info_2,98,0,61
1694798025274,118,get_method,200,OK,Thread Group 1-50,text,true,,187,150,33,33,http://5.75.203.123:5005/get_method?name=Daria&age=27,118,0,73
1694798025282,111,object_info_4,200,OK,Thread Group 1-18,text,true,,252,165,33,33,http://5.75.203.123:5005/object_info_4?name=Daria&age=27&salary=1500,111,0,73
1694798025296,97,object_info_2,200,OK,Thread Group 1-30,text,true,,486,165,32,32,http://5.75.203.123:5005/object_info_2?name=Daria&age=27&salary=1500,97,0,64
1694798025302,127,user_info_2,200,OK,Thread Group 1-46,text,true,,486,780,32,32,http://5.75.203.123:5005/user_info_2,126,0,66
1694798025306,127,object_info_3,200,OK,Thread Group 1-25,text,true,,533,165,32,32,http://5.75.203.123:5005/object_info_3?name=Daria&age=27&salary=1500,126,0,67
1694798025307,132,object_info_1,200,OK,Thread Group 1-37,text,true,,247,163,32,32,http://5.75.203.123:5005/object_info_1?name=Daria&age=27&weight=49,132,0,73
1694798025299,142,object_info_3,200,OK,Thread Group 1-24,text,true,,533,165,32,32,http://5.75.203.123:5005/object_info_3?name=Daria&age=27&salary=1500,142,0,78
1694798025286,160,user_info_3,200,OK,Thread Group 1-38,text,true,,382,795,32,32,http://5.75.203.123:5005/user_info_3,160,0,74
1694798025288,161,user_info_3,200,OK,Thread Group 1-39,text,true,,382,790,32,32,http://5.75.203.123:5005/user_info_3,161,0,78
1694798025290,160,get_method,200,OK,Thread Group 1-49,text,true,,187,150,32,32,http://5.75.203.123:5005/get_method?name=Daria&age=27,160,0,77
1694798025292,160,user_info_2,200,OK,Thread Group 1-44,text,true,,486,815,32,32,http://5.75.203.123:5005/user_info_2,160,0,76
1694798025309,144,object_info_2,200,OK,Thread Group 1-28,text,true,,486,165,32,32,http://5.75.203.123:5005/object_info_2?name=Daria&age=27&salary=1500,143,0,72
1694798025355,101,user_info_3,200,OK,Thread Group 1-40,text,true,,382,790,32,32,http://5.75.203.123:5005/user_info_3,101,0,39
1694798025294,172,object_info_2,200,OK,Thread Group 1-29,text,true,,486,165,32,32,http://5.75.203.123:5005/object_info_2?name=Daria&age=27&salary=1500,172,0,86
1694798025380,87,object_info_3,200,OK,Thread Group 1-27,text,true,,533,165,32,32,http://5.75.203.123:5005/object_info_3?name=Daria&age=27&salary=1500,87,0,44
1694798025384,85,object_info_2,200,OK,Thread Group 1-32,text,true,,486,165,32,32,http://5.75.203.123:5005/object_info_2?name=Daria&age=27&salary=1500,85,0,40
1694798025292,180,object_info_3,200,OK,Thread Group 1-26,text,true,,533,165,32,32,http://5.75.203.123:5005/object_info_3?name=Daria&age=27&salary=1500,180,0,88
1694798025386,93,object_info_4,200,OK,Thread Group 1-19,text,true,,252,165,32,32,http://5.75.203.123:5005/object_info_4?name=Daria&age=27&salary=1500,93,0,40
1694798025386,93,object_info_4,200,OK,Thread Group 1-20,text,true,,252,165,32,32,http://5.75.203.123:5005/object_info_4?name=Daria&age=27&salary=1500,93,0,39
1694798025385,100,object_info_4,200,OK,Thread Group 1-21,text,true,,252,165,30,30,http://5.75.203.123:5005/object_info_4?name=Daria&age=27&salary=1500,99,0,45
1694798025373,115,object_info_1,200,OK,Thread Group 1-35,text,true,,247,163,29,29,http://5.75.203.123:5005/object_info_1?name=Daria&age=27&weight=49,115,0,63
1694798025373,116,object_info_4,200,OK,Thread Group 1-22,text,true,,252,165,29,29,http://5.75.203.123:5005/object_info_4?name=Daria&age=27&salary=1500,115,0,55
1694798025383,110,object_info_4,200,OK,Thread Group 1-23,text,true,,252,165,28,28,http://5.75.203.123:5005/object_info_4?name=Daria&age=27&salary=1500,109,0,54
1694798025385,108,user_info_3,200,OK,Thread Group 1-43,text,true,,382,765,28,28,http://5.75.203.123:5005/user_info_3,108,0,46
1694798025384,112,object_info_1,200,OK,Thread Group 1-33,text,true,,247,163,27,27,http://5.75.203.123:5005/object_info_1?name=Daria&age=27&weight=49,112,0,53
1694798025384,117,user_info_3,200,OK,Thread Group 1-42,text,true,,382,780,27,27,http://5.75.203.123:5005/user_info_3,117,0,53
1694798025393,110,object_info_3,200,OK,Thread Group 1-30,text,true,,533,165,27,27,http://5.75.203.123:5005/object_info_3?name=Daria&age=27&salary=1500,110,0,47
1694798025392,111,user_info_2,200,OK,Thread Group 1-50,text,true,,486,800,27,27,http://5.75.203.123:5005/user_info_2,111,0,47
1694798025381,124,object_info_1,200,OK,Thread Group 1-36,text,true,,247,163,27,27,http://5.75.203.123:5005/object_info_1?name=Daria&age=27&weight=49,123,0,61
1694798025383,122,user_info_3,200,OK,Thread Group 1-41,text,true,,382,790,27,27,http://5.75.203.123:5005/user_info_3,122,0,59
1694798025367,139,object_info_2,200,OK,Thread Group 1-31,text,true,,486,165,27,27,http://5.75.203.123:5005/object_info_2?name=Daria&age=27&salary=1500,138,0,74
1694798025390,119,user_info_2,200,OK,Thread Group 1-48,text,true,,486,810,27,27,http://5.75.203.123:5005/user_info_2,119,0,53
1694798025429,86,user_info_3,200,OK,Thread Group 1-46,text,true,,382,780,27,27,http://5.75.203.123:5005/user_info_3,86,0,28
1694798025390,132,user_info_2,200,OK,Thread Group 1-47,text,true,,486,780,27,27,http://5.75.203.123:5005/user_info_2,132,0,54
1694798025433,89,object_info_4,200,OK,Thread Group 1-25,text,true,,252,165,27,27,http://5.75.203.123:5005/object_info_4?name=Daria&age=27&salary=1500,89,0,31
1694798025390,139,object_info_2,200,OK,Thread Group 1-34,text,true,,486,165,26,26,http://5.75.203.123:5005/object_info_2?name=Daria&age=27&salary=1500,139,0,57
1694798025467,65,object_info_4,200,OK,Thread Group 1-27,text,true,,252,165,26,26,http://5.75.203.123:5005/object_info_4?name=Daria&age=27&salary=1500,64,0,33
1694798025392,141,user_info_3,200,OK,Thread Group 1-45,text,true,,382,805,25,25,http://5.75.203.123:5005/user_info_3,141,0,56
1694798025439,100,object_info_2,200,OK,Thread Group 1-37,text,true,,486,165,25,25,http://5.75.203.123:5005/object_info_2?name=Daria&age=27&salary=1500,100,0,49
1694798025467,72,object_info_3,200,OK,Thread Group 1-29,text,true,,533,165,25,25,http://5.75.203.123:5005/object_info_3?name=Daria&age=27&salary=1500,72,0,36
1694798025446,95,object_info_1,200,OK,Thread Group 1-38,text,true,,247,163,25,25,http://5.75.203.123:5005/object_info_1?name=Daria&age=27&weight=49,95,0,49
1694798025442,100,object_info_4,200,OK,Thread Group 1-24,text,true,,252,165,25,25,http://5.75.203.123:5005/object_info_4?name=Daria&age=27&salary=1500,100,0,49
1694798025470,72,object_info_3,200,OK,Thread Group 1-32,text,true,,533,165,24,24,http://5.75.203.123:5005/object_info_3?name=Daria&age=27&salary=1500,72,0,35
1694798025472,73,object_info_4,200,OK,Thread Group 1-26,text,true,,252,165,24,24,http://5.75.203.123:5005/object_info_4?name=Daria&age=27&salary=1500,73,0,34
1694798025449,97,object_info_1,200,OK,Thread Group 1-39,text,true,,247,163,23,23,http://5.75.203.123:5005/object_info_1?name=Daria&age=27&weight=49,97,0,49
1694798025450,103,user_info_2,200,OK,Thread Group 1-49,text,true,,486,795,23,23,http://5.75.203.123:5005/user_info_2,103,0,48
1694798025453,100,object_info_3,200,OK,Thread Group 1-28,text,true,,533,165,23,23,http://5.75.203.123:5005/object_info_3?name=Daria&age=27&salary=1500,100,0,48
1694798025456,102,object_info_1,200,OK,Thread Group 1-40,text,true,,247,163,23,23,http://5.75.203.123:5005/object_info_1?name=Daria&age=27&weight=49,102,0,47
1694798025452,113,user_info_3,200,OK,Thread Group 1-44,text,true,,382,800,23,23,http://5.75.203.123:5005/user_info_3,113,0,51
1694798025506,62,object_info_3,200,OK,Thread Group 1-31,text,true,,533,165,23,23,http://5.75.203.123:5005/object_info_3?name=Daria&age=27&salary=1500,62,0,28
1694798025505,64,object_info_2,200,OK,Thread Group 1-36,text,true,,486,165,23,23,http://5.75.203.123:5005/object_info_2?name=Daria&age=27&salary=1500,64,0,28
1694798025506,65,object_info_1,200,OK,Thread Group 1-41,text,true,,247,163,23,23,http://5.75.203.123:5005/object_info_1?name=Daria&age=27&weight=49,65,0,28
1694798025509,73,user_info_3,200,OK,Thread Group 1-48,text,true,,382,770,23,23,http://5.75.203.123:5005/user_info_3,73,0,35
1694798025488,94,object_info_2,200,OK,Thread Group 1-35,text,true,,486,165,23,23,http://5.75.203.123:5005/object_info_2?name=Daria&age=27&salary=1500,94,0,43
1694798025493,92,object_info_1,200,OK,Thread Group 1-43,text,true,,247,163,23,23,http://5.75.203.123:5005/object_info_1?name=Daria&age=27&weight=49,92,0,43
1694798025496,93,object_info_2,200,OK,Thread Group 1-33,text,true,,486,165,23,23,http://5.75.203.123:5005/object_info_2?name=Daria&age=27&salary=1500,92,0,43
1694798025501,99,object_info_1,200,OK,Thread Group 1-42,text,true,,247,163,23,23,http://5.75.203.123:5005/object_info_1?name=Daria&age=27&weight=49,99,0,44
1694798025503,99,user_info_3,200,OK,Thread Group 1-50,text,true,,382,790,23,23,http://5.75.203.123:5005/user_info_3,99,0,44
1694798025503,107,object_info_4,200,OK,Thread Group 1-30,text,true,,252,165,23,23,http://5.75.203.123:5005/object_info_4?name=Daria&age=27&salary=1500,107,0,45
1694798025541,71,object_info_2,200,OK,Thread Group 1-38,text,true,,486,165,23,23,http://5.75.203.123:5005/object_info_2?name=Daria&age=27&salary=1500,71,0,29
1694798025515,98,object_info_1,200,OK,Thread Group 1-46,text,true,,247,163,23,23,http://5.75.203.123:5005/object_info_1?name=Daria&age=27&weight=49,98,0,43
1694798025522,96,user_info_3,200,OK,Thread Group 1-47,text,true,,382,765,23,23,http://5.75.203.123:5005/user_info_3,96,0,44
1694798025546,74,object_info_2,200,OK,Thread Group 1-39,text,true,,486,165,22,22,http://5.75.203.123:5005/object_info_2?name=Daria&age=27&salary=1500,74,0,34
1694798025542,79,object_info_4,200,OK,Thread Group 1-32,text,true,,252,165,22,22,http://5.75.203.123:5005/object_info_4?name=Daria&age=27&salary=1500,79,0,36
1694798025539,97,object_info_4,200,OK,Thread Group 1-29,text,true,,252,165,21,21,http://5.75.203.123:5005/object_info_4?name=Daria&age=27&salary=1500,97,0,47
1694798025534,102,object_info_1,200,OK,Thread Group 1-45,text,true,,247,163,20,20,http://5.75.203.123:5005/object_info_1?name=Daria&age=27&weight=49,102,0,52
1694798025553,90,user_info_3,200,OK,Thread Group 1-49,text,true,,382,815,20,20,http://5.75.203.123:5005/user_info_3,90,0,39
1694798025529,116,object_info_3,200,OK,Thread Group 1-34,text,true,,533,165,20,20,http://5.75.203.123:5005/object_info_3?name=Daria&age=27&salary=1500,116,0,57
1694798025539,106,object_info_3,200,OK,Thread Group 1-37,text,true,,533,165,20,20,http://5.75.203.123:5005/object_info_3?name=Daria&age=27&salary=1500,106,0,50
1694798025559,108,object_info_2,200,OK,Thread Group 1-40,text,true,,486,165,20,20,http://5.75.203.123:5005/object_info_2?name=Daria&age=27&salary=1500,108,0,53
1694798025569,99,object_info_3,200,OK,Thread Group 1-36,text,true,,533,165,20,20,http://5.75.203.123:5005/object_info_3?name=Daria&age=27&salary=1500,99,0,48
1694798025565,122,object_info_1,200,OK,Thread Group 1-44,text,true,,247,163,20,20,http://5.75.203.123:5005/object_info_1?name=Daria&age=27&weight=49,122,0,48
1694798025553,134,object_info_4,200,OK,Thread Group 1-28,text,true,,252,165,20,20,http://5.75.203.123:5005/object_info_4?name=Daria&age=27&salary=1500,134,0,57
1694798025568,120,object_info_4,200,OK,Thread Group 1-31,text,true,,252,165,19,19,http://5.75.203.123:5005/object_info_4?name=Daria&age=27&salary=1500,120,0,49
1694798025620,69,object_info_3,200,OK,Thread Group 1-33,text,true,,533,165,18,18,http://5.75.203.123:5005/object_info_3?name=Daria&age=27&salary=1500,69,0,29
1694798025620,71,object_info_1,200,OK,Thread Group 1-50,text,true,,247,163,18,18,http://5.75.203.123:5005/object_info_1?name=Daria&age=27&weight=49,71,0,34
1694798025620,75,object_info_2,200,OK,Thread Group 1-43,text,true,,486,165,18,18,http://5.75.203.123:5005/object_info_2?name=Daria&age=27&salary=1500,75,0,35
1694798025620,75,object_info_2,200,OK,Thread Group 1-42,text,true,,486,165,18,18,http://5.75.203.123:5005/object_info_2?name=Daria&age=27&salary=1500,75,0,34
1694798025620,75,object_info_2,200,OK,Thread Group 1-46,text,true,,486,165,18,18,http://5.75.203.123:5005/object_info_2?name=Daria&age=27&salary=1500,75,0,34
1694798025620,87,object_info_1,200,OK,Thread Group 1-47,text,true,,247,163,18,18,http://5.75.203.123:5005/object_info_1?name=Daria&age=27&weight=49,87,0,39
1694798025620,87,object_info_3,200,OK,Thread Group 1-38,text,true,,533,165,18,18,http://5.75.203.123:5005/object_info_3?name=Daria&age=27&salary=1500,87,0,39
1694798025621,86,object_info_3,200,OK,Thread Group 1-35,text,true,,533,165,18,18,http://5.75.203.123:5005/object_info_3?name=Daria&age=27&salary=1500,86,0,39
1694798025643,78,object_info_1,200,OK,Thread Group 1-49,text,true,,247,163,18,18,http://5.75.203.123:5005/object_info_1?name=Daria&age=27&weight=49,78,0,44
1694798025645,77,object_info_4,200,OK,Thread Group 1-34,text,true,,252,165,18,18,http://5.75.203.123:5005/object_info_4?name=Daria&age=27&salary=1500,77,0,43
1694798025637,87,object_info_2,200,OK,Thread Group 1-45,text,true,,486,165,17,17,http://5.75.203.123:5005/object_info_2?name=Daria&age=27&salary=1500,87,0,50
1694798025645,83,object_info_4,200,OK,Thread Group 1-37,text,true,,252,165,17,17,http://5.75.203.123:5005/object_info_4?name=Daria&age=27&salary=1500,83,0,43
1694798025620,113,object_info_3,200,OK,Thread Group 1-39,text,true,,533,165,16,16,http://5.75.203.123:5005/object_info_3?name=Daria&age=27&salary=1500,113,0,47
1694798025621,112,object_info_1,200,OK,Thread Group 1-48,text,true,,247,163,16,16,http://5.75.203.123:5005/object_info_1?name=Daria&age=27&weight=49,112,0,46
1694798025621,114,object_info_2,200,OK,Thread Group 1-41,text,true,,486,165,16,16,http://5.75.203.123:5005/object_info_2?name=Daria&age=27&salary=1500,114,0,46
1694798025691,69,object_info_2,200,OK,Thread Group 1-50,text,true,,486,165,16,16,http://5.75.203.123:5005/object_info_2?name=Daria&age=27&salary=1500,69,0,33
1694798025695,72,object_info_3,200,OK,Thread Group 1-43,text,true,,533,165,16,16,http://5.75.203.123:5005/object_info_3?name=Daria&age=27&salary=1500,72,0,38
1694798025695,73,object_info_3,200,OK,Thread Group 1-42,text,true,,533,165,16,16,http://5.75.203.123:5005/object_info_3?name=Daria&age=27&salary=1500,73,0,38
1694798025668,106,object_info_4,200,OK,Thread Group 1-36,text,true,,252,165,16,16,http://5.75.203.123:5005/object_info_4?name=Daria&age=27&salary=1500,106,0,59
1694798025707,73,object_info_4,200,OK,Thread Group 1-38,text,true,,252,165,15,15,http://5.75.203.123:5005/object_info_4?name=Daria&age=27&salary=1500,73,0,33
1694798025707,73,object_info_4,200,OK,Thread Group 1-35,text,true,,252,165,14,14,http://5.75.203.123:5005/object_info_4?name=Daria&age=27&salary=1500,73,0,33
1694798025687,94,object_info_2,200,OK,Thread Group 1-44,text,true,,486,165,13,13,http://5.75.203.123:5005/object_info_2?name=Daria&age=27&salary=1500,94,0,43
1694798025695,92,object_info_3,200,OK,Thread Group 1-46,text,true,,533,165,13,13,http://5.75.203.123:5005/object_info_3?name=Daria&age=27&salary=1500,92,0,47
1694798025689,98,object_info_4,200,OK,Thread Group 1-33,text,true,,252,165,13,13,http://5.75.203.123:5005/object_info_4?name=Daria&age=27&salary=1500,98,0,44
1694798025667,124,object_info_3,200,OK,Thread Group 1-40,text,true,,533,165,12,12,http://5.75.203.123:5005/object_info_3?name=Daria&age=27&salary=1500,124,0,66
1694798025707,94,object_info_2,200,OK,Thread Group 1-47,text,true,,486,165,12,12,http://5.75.203.123:5005/object_info_2?name=Daria&age=27&salary=1500,94,0,43
1694798025735,66,object_info_3,200,OK,Thread Group 1-41,text,true,,533,165,12,12,http://5.75.203.123:5005/object_info_3?name=Daria&age=27&salary=1500,66,0,31
1694798025724,83,object_info_3,200,OK,Thread Group 1-45,text,true,,533,165,12,12,http://5.75.203.123:5005/object_info_3?name=Daria&age=27&salary=1500,82,0,41
1694798025733,75,object_info_2,200,OK,Thread Group 1-48,text,true,,486,165,12,12,http://5.75.203.123:5005/object_info_2?name=Daria&age=27&salary=1500,74,0,35
1694798025721,95,object_info_2,200,OK,Thread Group 1-49,text,true,,486,165,12,12,http://5.75.203.123:5005/object_info_2?name=Daria&age=27&salary=1500,94,0,46
1694798025733,83,object_info_4,200,OK,Thread Group 1-39,text,true,,252,165,12,12,http://5.75.203.123:5005/object_info_4?name=Daria&age=27&salary=1500,83,0,40
1694798025767,62,object_info_4,200,OK,Thread Group 1-43,text,true,,252,165,11,11,http://5.75.203.123:5005/object_info_4?name=Daria&age=27&salary=1500,62,0,28
1694798025760,69,object_info_3,200,OK,Thread Group 1-50,text,true,,533,165,11,11,http://5.75.203.123:5005/object_info_3?name=Daria&age=27&salary=1500,69,0,33
1694798025781,67,object_info_3,200,OK,Thread Group 1-44,text,true,,533,165,10,10,http://5.75.203.123:5005/object_info_3?name=Daria&age=27&salary=1500,67,0,34
1694798025768,83,object_info_4,200,OK,Thread Group 1-42,text,true,,252,165,10,10,http://5.75.203.123:5005/object_info_4?name=Daria&age=27&salary=1500,83,0,41
1694798025816,64,object_info_3,200,OK,Thread Group 1-49,text,true,,533,165,9,9,http://5.75.203.123:5005/object_info_3?name=Daria&age=27&salary=1500,64,0,28
1694798025787,98,object_info_4,200,OK,Thread Group 1-46,text,true,,252,165,9,9,http://5.75.203.123:5005/object_info_4?name=Daria&age=27&salary=1500,98,0,44
1694798025791,95,object_info_4,200,OK,Thread Group 1-40,text,true,,252,165,8,8,http://5.75.203.123:5005/object_info_4?name=Daria&age=27&salary=1500,95,0,42
1694798025808,83,object_info_3,200,OK,Thread Group 1-48,text,true,,533,165,7,7,http://5.75.203.123:5005/object_info_3?name=Daria&age=27&salary=1500,83,0,38
1694798025801,92,object_info_4,200,OK,Thread Group 1-41,text,true,,252,165,7,7,http://5.75.203.123:5005/object_info_4?name=Daria&age=27&salary=1500,92,0,42
1694798025829,78,object_info_4,200,OK,Thread Group 1-50,text,true,,252,165,6,6,http://5.75.203.123:5005/object_info_4?name=Daria&age=27&salary=1500,78,0,33
1694798025807,100,object_info_4,200,OK,Thread Group 1-45,text,true,,252,165,6,6,http://5.75.203.123:5005/object_info_4?name=Daria&age=27&salary=1500,100,0,44
1694798025801,110,object_info_3,200,OK,Thread Group 1-47,text,true,,533,165,4,4,http://5.75.203.123:5005/object_info_3?name=Daria&age=27&salary=1500,110,0,48
1694798025848,89,object_info_4,200,OK,Thread Group 1-44,text,true,,252,165,4,4,http://5.75.203.123:5005/object_info_4?name=Daria&age=27&salary=1500,89,0,43
1694798025880,88,object_info_4,200,OK,Thread Group 1-49,text,true,,252,165,3,3,http://5.75.203.123:5005/object_info_4?name=Daria&age=27&salary=1500,88,0,43
1694798025891,99,object_info_4,200,OK,Thread Group 1-48,text,true,,252,165,2,2,http://5.75.203.123:5005/object_info_4?name=Daria&age=27&salary=1500,99,0,49
1694798025911,87,object_info_4,200,OK,Thread Group 1-47,text,true,,252,165,1,1,http://5.75.203.123:5005/object_info_4?name=Daria&age=27&salary=1500,86,0,42
